Nama Perusahaan,Link,Title,Date
Industri dan Perdagangan Bintraco Dharma,https://industri.kontan.co.id/news/industri-dan-perdagangan-bintraco-dharma-cars-siap-pacu-penjualan-mobil-baru,Industri dan Perdagangan Bintraco Dharma (CARS) Siap Pacu Penjualan Mobil Baru,31 Mar 2024
Industri dan Perdagangan Bintraco Dharma,https://market.bisnis.com/read/20240320/192/1751212/pendapatan-bintraco-dharma-cars-tembus-rp648-triliun-sepanjang-2023,"Pendapatan Bintraco Dharma (CARS) Tembus Rp6,48 Triliun Sepanjang 2023",20 Mar 2024
Industri dan Perdagangan Bintraco Dharma,https://emitennews.com/news/perkuat-bisnis-otomotif-bintraco-dharma-cars-dirikan-anak-usaha,"Perkuat Bisnis Otomotif, Bintraco Dharma (CARS) Dirikan Anak Usaha",8 Mar 2024
Industri dan Perdagangan Bintraco Dharma,https://industri.kontan.co.id/news/penjualan-bintraco-dharma-cars-capai-rp-165-triliun-di-kuartal-i-2024,"Penjualan Bintraco Dharma (CARS) Capai Rp 1,65 Triliun di Kuartal I-2024",30 Apr 2024
Industri dan Perdagangan Bintraco Dharma,https://pasardana.id/news/2024/3/21/akuntan-publik-soroti-11-anak-usaha-cars-milik-paulus-totok/,Akuntan Publik Soroti 11 Anak Usaha CARS Milik Paulus Totok,21 Mar 2024
Industri dan Perdagangan Bintraco Dharma,https://emitennews.com/news/politikus-psi-jual-15-juta-saham-bintraco-dharma-cars-buat-apa-nih,"Politikus PSI Jual 15 Juta Saham Bintraco Dharma (CARS), Buat Apa Nih?",5 Feb 2024
Industri dan Perdagangan Bintraco Dharma,https://koran.tempo.co/read/ekonomi-dan-bisnis/485219/10-saham-sektor-otomotif-yang-terdaftar-di-bei,10 Saham Sektor Otomotif yang Terdaftar di BEI,27 Okt 2023
Industri dan Perdagangan Bintraco Dharma,https://investasi.kontan.co.id/news/bintraco-dharma-cars-optimistis-target-penjualan-mobil-20000-unit-tercapai,Bintraco Dharma (CARS) Optimistis Target Penjualan Mobil 20.000 Unit Tercapai,11 Des 2023
Industri dan Perdagangan Bintraco Dharma,https://ekbis.sindonews.com/read/1199277/38/cars-beri-penjelasan-soal-tak-punya-pemegang-saham-pengendali-1694498943,CARS Beri Penjelasan soal Tak Punya Pemegang Saham Pengendali,12 Sep 2023
Industri dan Perdagangan Bintraco Dharma,https://market.bisnis.com/read/20230729/192/1679274/pendapatan-bintraco-dharma-cars-tembus-rp296-triliun-semester-i2023,"Pendapatan Bintraco Dharma (CARS) Tembus Rp2,96 Triliun Semester I/2023",29 Jul 2023
Industri dan Perdagangan Bintraco Dharma,https://pasardana.id/news/2023/9/8/paulus-totok-hingga-trim-tepis-jadi-pengendali-baru-cars/,Paulus Totok Hingga TRIM Tepis Jadi Pengendali Baru CARS,8 Sep 2023
Industri dan Perdagangan Bintraco Dharma,https://emitennews.com/news/cari-pengendali-bintraco-dharma-cars-rayu-sejumlah-investor-retail,"Cari Pengendali, Bintraco Dharma (CARS) Rayu Sejumlah Investor Retail",8 Sep 2023
Industri dan Perdagangan Bintraco Dharma,https://industri.kontan.co.id/news/bintraco-dharma-cars-catat-pendapatan-tumbuh-1790-di-tahun-2023,"Bintraco Dharma (CARS) Catat Pendapatan Tumbuh 17,90% di Tahun 2023",25 Mar 2024
Industri dan Perdagangan Bintraco Dharma,https://market.bisnis.com/read/20230824/192/1688020/komisaris-utama-bintraco-dharma-jual-150-juta-saham-cars-cek-cuannya,"Komisaris Utama Bintraco Dharma Jual 150 Juta Saham CARS, Cek Cuannya",24 Agu 2023
Industri dan Perdagangan Bintraco Dharma,https://industri.kontan.co.id/news/bintraco-dharma-cars-siapkan-capex-rp-60-miliar-rp-70-miliar-di-2024,Bintraco Dharma (CARS) Siapkan Capex Rp 60 Miliar-Rp 70 Miliar di 2024,1 Mei 2024
Industri dan Perdagangan Bintraco Dharma,https://emitennews.com/news/industri-perdagangan-bintraco-dharma-cars-catat-kenaikan-pendapatan-cek-datanya,"Industri Perdagangan Bintraco Dharma (CARS) Catat Kenaikan Pendapatan, Cek Datanya",29 Jul 2023
Industri dan Perdagangan Bintraco Dharma,https://industri.kontan.co.id/news/bintraco-dharma-cars-yakin-kejar-target-penjualan-mobil-20000-unit-di-akhir-2023,Bintraco Dharma (CARS) Yakin Kejar Target Penjualan Mobil 20.000 Unit di Akhir 2023,10 Des 2023
Industri dan Perdagangan Bintraco Dharma,https://investasi.kontan.co.id/news/cars-bentuk-anak-usaha-untuk-memperkuat-jaringan-di-sektor-otomotif,CARS Bentuk Anak Usaha untuk Memperkuat Jaringan di Sektor Otomotif,8 Mar 2024
Industri dan Perdagangan Bintraco Dharma,https://insight.kontan.co.id/news/cuan-jumbo-mantan-ketum-rei-di-saham-emiten-pemilik-diler-toyota-nasmoco-cars,Cuan Jumbo Mantan Ketum REI di Saham Emiten Pemilik Diler Toyota Nasmoco (CARS),22 Agu 2023
Industri dan Perdagangan Bintraco Dharma,https://investasi.kontan.co.id/news/ini-alasan-rights-issue-bintraco-dharma-cars-ditunda-ke-tahun-2023,Ini Alasan Rights Issue Bintraco Dharma (CARS) Ditunda ke Tahun 2023,15 Nov 2022
Industri dan Perdagangan Bintraco Dharma,https://pusatdata.kontan.co.id/quote/CARS,CARS : PT Industri dan Perdagangan Bintraco Dharma Tbk,24 Apr 2020
Industri dan Perdagangan Bintraco Dharma,https://investor.id/market/324392/bintraco-dharma-cars-berbalik-untung-rp-136-miliar,Bintraco Dharma (CARS) Berbalik Untung Rp 136 Miliar,14 Mar 2023
Industri dan Perdagangan Bintraco Dharma,https://insight.kontan.co.id/news/bisnis-dan-kinerja-industri-dan-perdagangan-bintraco-dharma-cars-melambat,Bisnis dan Kinerja Industri dan Perdagangan Bintraco Dharma (CARS) Melambat,30 Jun 2020
Industri dan Perdagangan Bintraco Dharma,https://insight.kontan.co.id/news/industri-dan-perdagangan-bintraco-dharma-cars-optimistis-otomotif-membaik,Industri dan Perdagangan Bintraco Dharma (CARS) Optimistis Otomotif Membaik,31 Mar 2021
Industri dan Perdagangan Bintraco Dharma,https://www.cnbcindonesia.com/market/20190321103854-17-62024/demi-likuiditas-bintraco-dharma-akan-stock-split-110,"Demi Likuiditas, Bintraco Dharma Akan Stock Split 1:10",21 Mar 2019
Industri dan Perdagangan Bintraco Dharma,https://insight.kontan.co.id/news/pt-industri-dan-perdagangan-bintraco-dharma-tbk-cars-masih-wait-and-see-target-2021,PT Industri dan Perdagangan Bintraco Dharma Tbk (CARS) Masih Wait and See Target 2021,30 Nov 2020
Industri dan Perdagangan Bintraco Dharma,https://industri.kontan.co.id/news/soal-kehadiran-investor-baru-begini-tanggapan-bintraco-dharma-cars,"Soal Kehadiran Investor Baru, Begini Tanggapan Bintraco Dharma (CARS)",22 Sep 2022
Industri dan Perdagangan Bintraco Dharma,https://emitennews.com/news/bintraco-dharma-cars-minta-restu-right-issue-30-miliar-saham,Bintraco Dharma (CARS) Minta Restu Right Issue 30 Miliar Saham,30 Sep 2022
Industri dan Perdagangan Bintraco Dharma,https://market.bisnis.com/read/20220905/192/1574356/bintraco-dharma-cars-bakal-punya-investor-baru-ada-boy-thohir-grup-triputra,"Bintraco Dharma (CARS) Bakal Punya Investor Baru, Ada Boy Thohir & Grup Triputra?",5 Sep 2022
Industri dan Perdagangan Bintraco Dharma,https://insight.kontan.co.id/news/ada-pengusaha-properti-garam-masuk-ke-saham-cars-saat-bintraco-dharma-diterpa-badai,Ada Pengusaha Properti & Garam Masuk ke Saham CARS Saat Bintraco Dharma Diterpa Badai,14 Apr 2022
Industri dan Perdagangan Bintraco Dharma,https://insight.kontan.co.id/news/bintraco-dharma-cars-menahan-rencana-ekspansi-diler-tahun-ini,Bintraco Dharma (CARS) Menahan Rencana Ekspansi Diler Tahun Ini,6 Sep 2022
Industri dan Perdagangan Bintraco Dharma,https://investasi.kontan.co.id/news/bintraco-dharma-cars-membentuk-anak-usaha-penjualan-suku-cadang-dan-aksesori,Bintraco Dharma (CARS) membentuk anak usaha penjualan suku cadang dan aksesori,23 Jul 2019
Industri dan Perdagangan Bintraco Dharma,https://investasi.kontan.co.id/news/gelar-rupslb-bintraco-dharma-cars-setujui-perubahan-manajemen-baru,"Gelar RUPSLB, Bintraco Dharma (CARS) Setujui Perubahan Manajemen Baru",26 Jun 2022
Industri dan Perdagangan Bintraco Dharma,https://www.emitennews.com/news/pengendali-digugat-pkpu-lagi-manajemen-bintraco-dharma-cars-bilang-begini,"Pengendali Digugat PKPU Lagi, Manajemen Bintraco Dharma (CARS) Bilang Begini",23 Mar 2022
Industri dan Perdagangan Bintraco Dharma,https://industri.kontan.co.id/news/pangkas-rugi-57-di-2021-bintraco-dharma-cars-yakin-kinerja-kian-membaik-tahun-ini,"Pangkas Rugi 57% di 2021, Bintraco Dharma (CARS) Yakin Kinerja Kian Membaik Tahun Ini",21 Jul 2022
Industri dan Perdagangan Bintraco Dharma,https://emitennews.com/news/bebas-gugatan-pkpu-bintraco-dharma-cars-fokus-kerek-performa,"Bebas Gugatan PKPU, Bintraco Dharma (CARS) Fokus Kerek Performa",25 Jan 2022
Industri dan Perdagangan Bintraco Dharma,https://market.bisnis.com/read/20220905/192/1574314/sahamnya-melonjak-bintraco-dharma-cars-beri-dua-alasan-ini,"Sahamnya Melonjak, Bintraco Dharma (CARS) Beri Dua Alasan Ini",5 Sep 2022
Industri dan Perdagangan Bintraco Dharma,https://industri.kontan.co.id/news/gelar-rupst-bintraco-dharma-cars-angkat-anggota-direksi-dan-komisaris-baru,"Gelar RUPST, Bintraco Dharma (CARS) Angkat Anggota Direksi dan Komisaris Baru",31 Mei 2023
Industri dan Perdagangan Bintraco Dharma,https://emitennews.com/news/lolos-jebakan-pkpu-giliran-bos-bintraco-dharma-cars-masuk-belenggu-gugatan-perdata,"Lolos Jebakan PKPU, Giliran Bos Bintraco Dharma (CARS) Masuk Belenggu Gugatan Perdata",4 Nov 2021
Industri dan Perdagangan Bintraco Dharma,https://market.bisnis.com/read/20220914/192/1577234/saham-bintraco-dharma-cars-reli-begini-kinerja-dan-investor-di-belakangnya,"Saham Bintraco Dharma (CARS) Reli, Begini Kinerja dan Investor di Belakangnya",14 Sep 2022
Industri dan Perdagangan Bintraco Dharma,https://investor.id/market-and-corporate/307555/bintraco-dharma-cars-siapkan-opsi-rights-issue,Bintraco Dharma (CARS) Siapkan Opsi Rights Issue,22 Sep 2022
Industri dan Perdagangan Bintraco Dharma,https://market.bisnis.com/read/20221115/192/1598532/bintraco-dharma-cars-cerita-alasan-rights-issue-ditunda-tunggu-investor-strategis,"Bintraco Dharma (CARS) Cerita Alasan Rights Issue Ditunda, Tunggu Investor Strategis?",15 Nov 2022
Industri dan Perdagangan Bintraco Dharma,https://emitennews.com/news/rencana-aksi-korporasi-belum-matang-bintraco-dharma-cars-tunda-rupslb,"Rencana Aksi Korporasi Belum Matang, Bintraco Dharma (CARS) Tunda RUPSLB",19 Okt 2022
Industri dan Perdagangan Bintraco Dharma,https://industri.kontan.co.id/news/laba-bersih-bintraco-dharma-cars-tertekan-hingga-september-2019,Laba bersih Bintraco Dharma (CARS) tertekan hingga September 2019,15 Nov 2019
Industri dan Perdagangan Bintraco Dharma,https://www.emitennews.com/news/pengendali-bintraco-dharma-cars-di-gugat-pailit,Pengendali Bintraco Dharma (CARS) di Gugat Pailit,18 Okt 2021
Industri dan Perdagangan Bintraco Dharma,https://insight.kontan.co.id/news/bei-menyoal-keberadaan-emiten-yang-tidak-memiliki-pemegang-saham-pengendali,BEI Menyoal Keberadaan Emiten yang Tidak Memiliki Pemegang Saham Pengendali,13 Sep 2023
Industri dan Perdagangan Bintraco Dharma,https://www.idxchannel.com/market-news/bintraco-dharma-cars-berbalik-laba-rp5246-miliar-di-semester-i-2022,"Bintraco Dharma (CARS) Berbalik Laba Rp52,46 Miliar di Semester I 2022",19 Agu 2022
Industri dan Perdagangan Bintraco Dharma,https://investasi.kontan.co.id/news/bintraco-dharma-cars-bikin-anak-usaha-bidang-perdagangan-mobil-bekas,Bintraco Dharma (CARS) bikin anak usaha bidang perdagangan mobil bekas,4 Apr 2019
Industri dan Perdagangan Bintraco Dharma,https://insight.kontan.co.id/news/ahabe-niaga-selaras-pengendali-bintraco-dharma-cars-lolos-dari-gugatan-pkpu/?utm_source=line&utm_medium=text,"Ahabe Niaga Selaras, Pengendali Bintraco Dharma (CARS), Lolos dari Gugatan PKPU",15 Sep 2021
Industri dan Perdagangan Bintraco Dharma,https://market.bisnis.com/read/20220125/192/1493315/pemegang-saham-bintraco-cars-kembali-lolos-dari-gugatan-pkpu,Pemegang Saham Bintraco (CARS) Kembali Lolos dari Gugatan PKPU,25 Jan 2022
Industri dan Perdagangan Bintraco Dharma,https://market.bisnis.com/read/20211018/192/1455630/bintraco-dharma-cars-kaji-dampak-pkpu-ke-pemegang-saham-pengendali,Bintraco Dharma (CARS) Kaji Dampak PKPU ke Pemegang Saham Pengendali,18 Okt 2021
Industri dan Perdagangan Bintraco Dharma,https://nasional.kontan.co.id/news/pemegang-saham-digugat-pkpu-ini-tanggapan-bintraco-dharma-cars,"Pemegang saham digugat PKPU, ini tanggapan Bintraco Dharma (CARS)",25 Okt 2021
Industri dan Perdagangan Bintraco Dharma,https://market.bisnis.com/read/20221003/192/1583749/rights-issue-30-miliar-saham-bintraco-dharma-cars-nantikan-persetujuan-pemegang-saham,"Rights Issue 30 Miliar Saham, Bintraco Dharma (CARS) Nantikan Persetujuan Pemegang Saham",3 Okt 2022
Industri dan Perdagangan Bintraco Dharma,https://www.cnbcindonesia.com/market/20210826172957-17-271545/wah-pengendali-emiten-dealer-resmi-mobil-toyota-digugat-pkpu,Wah! Pengendali Emiten Dealer Resmi Mobil Toyota Digugat PKPU,26 Agu 2021
Industri dan Perdagangan Bintraco Dharma,https://investasi.kontan.co.id/news/bintraco-dharma-kantongi-rp-260-miliar-dari-ipo,Bintraco Dharma kantongi Rp 260 miliar dari IPO,10 Apr 2017
Industri dan Perdagangan Bintraco Dharma,https://market.bisnis.com/read/20220922/192/1580362/saham-bintraco-cars-ngebut-investor-baru-masuk-tahun-depan,"Saham Bintraco (CARS) Ngebut, Investor Baru Masuk Tahun Depan",22 Sep 2022
Industri dan Perdagangan Bintraco Dharma,https://investor.id/market-and-corporate/313122/industri-dan-perdagangan-bintraco-dharma-cars-tunda-gelar-rights-issue,Industri dan Perdagangan Bintraco Dharma (CARS) Tunda Gelar Rights Issue,16 Nov 2022
Industri dan Perdagangan Bintraco Dharma,https://market.bisnis.com/read/20210119/192/1345004/bintraco-dharma-cars-kerek-target-penjualan-pada-2021,Bintraco Dharma (CARS) Kerek Target Penjualan pada 2021,19 Jan 2021
Industri dan Perdagangan Bintraco Dharma,https://investor.id/market-and-corporate/305927/melesat-110-auto-reject-atas-saham-bintraco-dharma-cars-tak-terhentikan,"Melesat 110%, Auto Reject Atas Saham Bintraco Dharma (CARS) Tak Terhentikan",7 Sep 2022
Industri dan Perdagangan Bintraco Dharma,https://industri.kontan.co.id/news/entitas-perusahaan-bintraco-dharma-cars-akuisisi-dua-perusahaan-sektor-otomotif,Entitas perusahaan Bintraco Dharma (CARS) akuisisi dua perusahaan sektor otomotif,19 Jan 2021
Industri dan Perdagangan Bintraco Dharma,https://www.emitennews.com/news/pengendali-dalam-jeratan-pkpu-harno-budi-tinggalkan-kursi-dirut-bintraco-dharma-cars,"Pengendali Dalam Jeratan PKPU, Harno Budi Tinggalkan Kursi Dirut Bintraco Dharma (CARS)",30 Mar 2022
Industri dan Perdagangan Bintraco Dharma,https://www.cnbcindonesia.com/research/20230301081006-128-417813/cars-cetak-laba-tapi-utang-sangat-besar-mau-beli-sahamnya,"CARS Cetak Laba Tapi Utang Sangat Besar, Mau Beli Sahamnya?",1 Mar 2023
Industri dan Perdagangan Bintraco Dharma,https://investor.id/market-and-corporate/303999/ada-konsorsium-tp-rachmat-dan-garibaldi-thohir-di-bintraco-dharma-cars,Ada Konsorsium TP Rachmat dan Garibaldi Thohir di Bintraco Dharma (CARS)?,22 Agu 2022
Industri dan Perdagangan Bintraco Dharma,https://www.liputan6.com/saham/read/5084391/rights-issue-bintraco-dharma-bakal-terbitkan-30-miliar-saham,"Rights Issue, Bintraco Dharma Bakal Terbitkan 30 Miliar Saham",30 Sep 2022
Industri dan Perdagangan Bintraco Dharma,https://industri.kontan.co.id/news/pasar-lesu-nasmoco-fokus-pertahankan-penguasaan-pasar-otomotif-di-jawa-tengah,"Pasar lesu, Nasmoco fokus pertahankan penguasaan pasar otomotif di Jawa Tengah",21 Jan 2020
Industri dan Perdagangan Bintraco Dharma,https://www.cnbcindonesia.com/research/20221130093738-128-392380/lepas-dari-pengawasan-bursa-saham-cars-meroket,"Lepas Dari Pengawasan Bursa, Saham CARS Meroket",30 Nov 2022
Industri dan Perdagangan Bintraco Dharma,https://www.emitennews.com/news/beli-rp5-per-lembar-investor-ini-jadi-pemegang-saham-bintraco-cars-terbesar-kedua,"Beli Rp5 per Lembar, Investor Ini Jadi Pemegang Saham Bintraco (CARS) Terbesar Kedua",18 Apr 2022
Industri dan Perdagangan Bintraco Dharma,https://www.liputan6.com/saham/read/5055571/jual-87678-juta-saham-cars-trimegah-sekuritas-kantongi-rp-4588-miliar,"Jual 876,78 Juta Saham CARS, Trimegah Sekuritas Kantongi Rp 45,88 Miliar",30 Agu 2022
Industri dan Perdagangan Bintraco Dharma,https://insight.kontan.co.id/news/tengah-melejit-dua-investor-jual-105-miliar-saham-cars-siapa-yang-menampung,"Tengah Melejit, Dua Investor Jual 1,05 Miliar Saham CARS, Siapa yang Menampung?",30 Agu 2022
Industri dan Perdagangan Bintraco Dharma,https://insight.kontan.co.id/news/ahabe-niaga-selaras-pengendali-bintraco-dharma-cars-digugat-pkpu,"Ahabe Niaga Selaras, Pengendali Bintraco Dharma (CARS), Digugat PKPU",26 Agu 2021
Industri dan Perdagangan Bintraco Dharma,https://www.bareksa.com/berita/berita-ekonomi-terkini/2017-05-22/baru-sebulan-ipo-bintraco-dharma-langsung-bagi-dividen,"Baru Sebulan IPO, Bintraco Dharma Langsung Bagi Dividen",22 Mei 2017
Industri dan Perdagangan Bintraco Dharma,https://investasi.kontan.co.id/news/ojk-bekukan-sementara-izin-usaha-andalan-finance-entitas-anak-bintraco-dharma-cars,"OJK bekukan sementara izin usaha Andalan Finance, entitas anak Bintraco Dharma (CARS)",16 Agu 2021
Industri dan Perdagangan Bintraco Dharma,https://emitennews.com/news/giliran-merapi-agung-obral-1795-miliar-saham-bintraco-dharma-cars-harga-rp5-per-lembar,"Giliran Merapi Agung Obral 1,795 Miliar Saham Bintraco Dharma (CARS) Harga Rp5 per Lembar",22 Apr 2022
Industri dan Perdagangan Bintraco Dharma,https://market.bisnis.com/read/20190829/192/1142254/anak-usaha-bintraco-dharma-cars-tunda-rencana-ipo,Anak Usaha Bintraco Dharma (CARS) Tunda Rencana IPO,29 Agu 2019
Industri dan Perdagangan Bintraco Dharma,https://insight.kontan.co.id/news/kabar-tp-rachmat-boy-thohir-akuisisi-cars-manajemen-ada-non-disclosure-agreement,"Kabar TP Rachmat & Boy Thohir Akuisisi CARS, Manajemen: Ada Non Disclosure Agreement",23 Agu 2022
Industri dan Perdagangan Bintraco Dharma,https://insight.kontan.co.id/news/simak-rekomendasi-saham-toba-bara-toba-dan-bintraco-dharma-cars-usai-stock-split,Simak Rekomendasi Saham Toba Bara (TOBA) dan Bintraco Dharma (CARS) Usai Stock Split,11 Jun 2019
Industri dan Perdagangan Bintraco Dharma,https://www.emitennews.com/news/harga-saham-melesat-hingga-76-persen-ini-penjelasan-manajemen-cars,"Harga Saham Melesat Hingga 76 Persen, Ini Penjelasan Manajemen CARS",6 Sep 2022
Industri dan Perdagangan Bintraco Dharma,https://economy.okezone.com/read/2019/07/24/278/2082962/bintraco-dharma-dirikan-anak-usaha-penjualan-suku-cadang,Bintraco Dharma Dirikan Anak Usaha Penjualan Suku Cadang,24 Jul 2019
Industri dan Perdagangan Bintraco Dharma,https://market.bisnis.com/read/20180125/192/730744/bintraco-dharma-cars-beli-saham-bahtera-multi-senilai-rp160-miliar,Bintraco Dharma (CARS) Beli Saham Bahtera Multi Senilai Rp160 Miliar,25 Jan 2018
Industri dan Perdagangan Bintraco Dharma,https://investor.id/market-and-corporate/303765/bintraco-dharma-cars-sukses-raih-laba-sahamnya-masih-gocap,"Bintraco Dharma (CARS) Sukses Raih Laba, Sahamnya Masih Gocap",19 Agu 2022
Industri dan Perdagangan Bintraco Dharma,https://market.bisnis.com/read/20190723/192/1127742/bintraco-dharma-cars-dirikan-perusahaan-penjualan-suku-cadang,Bintraco Dharma (CARS) Dirikan Perusahaan Penjualan Suku Cadang,23 Jul 2019
Industri dan Perdagangan Bintraco Dharma,https://market.bisnis.com/read/20221006/192/1584804/cars-right-issue-antisipasi-dampak-pkpu-ans-dan-gagal-bayar-afi,"CARS Right Issue, Antisipasi Dampak PKPU ANS dan Gagal Bayar AFI?",6 Okt 2022
Industri dan Perdagangan Bintraco Dharma,https://investasi.kontan.co.id/news/bintraco-dharma-mengakuisisi-andalan-adhi-niaga-lewat-anak-usaha,Bintraco Dharma mengakuisisi Andalan Adhi Niaga lewat anak usaha,10 Okt 2018
Industri dan Perdagangan Bintraco Dharma,https://www.emitennews.com/news/modal-tipis-paulus-totok-lusida-untung-2200-persen-hasil-jual-saham-cars,"Modal Tipis, Paulus Totok Lusida Untung 2.200 Persen Hasil Jual Saham CARS",25 Sep 2022
Industri dan Perdagangan Bintraco Dharma,https://market.bisnis.com/read/20230720/192/1676530/grup-triputra-aslc-dikabarkan-akuisisi-cars-ini-kata-manajemen,"Grup Triputra (ASLC) Dikabarkan Akuisisi CARS, Ini Kata Manajemen",20 Jul 2023
Industri dan Perdagangan Bintraco Dharma,https://market.bisnis.com/read/20181018/192/850528/2019-bintraco-dharma-cars-bakal-buka-100-gerai-carfix,"2019, Bintraco Dharma (CARS) Bakal Buka 100 Gerai CarFix",18 Okt 2018
Industri dan Perdagangan Bintraco Dharma,https://jateng.solopos.com/bursa-saham-nasmoco-group-resmi-melantai-di-bei-797967,BURSA SAHAM : Nasmoco Group Resmi Melantai di BEI,1 Agu 2023
Industri dan Perdagangan Bintraco Dharma,https://pasardana.id/news/2022/9/23/investor-hebat-paulus-totok-jual-cars-untung-2200-persen-dalam-waktu-5-bulan/,"Investor Hebat, Paulus Totok Jual CARS Untung 2.200 Persen Dalam Waktu 5 Bulan",23 Sep 2022
Industri dan Perdagangan Bintraco Dharma,https://m.industry.co.id/view/2786/pt-industri-dan-perdagangan-bintraco-dharma-bagikan-dividen,PT Industri dan Perdagangan Bintraco Dharma Bagikan Dividen,6 Mei 2019
Industri dan Perdagangan Bintraco Dharma,https://www.beritasatu.com/ekonomi/491441/bintraco-habiskan-rp-80-m-buka-dealer-toyota-di-demak-dan-purbalingga,Bintraco Habiskan Rp 80 M Buka Dealer Toyota di Demak dan Purbalingga,7 Mei 2018
Industri dan Perdagangan Bintraco Dharma,https://pasardana.id/news/2022/9/14/bei-hentikan-sementara-perdagangan-saham-cars/,BEI Hentikan Sementara Perdagangan Saham CARS,14 Sep 2022
Industri dan Perdagangan Bintraco Dharma,https://foto.bisnis.com/view/20180507/792355/kinerja-bintraco-dharma-di-kuartal-pertama-2018,Kinerja Bintraco Dharma di Kuartal Pertama 2018,7 Mei 2018
Industri dan Perdagangan Bintraco Dharma,https://www.idxchannel.com/market-news/sempat-rugi-emiten-dealer-nasmoco-cars-berhasil-raup-laba-rp1368-miliar,"Sempat Rugi, Emiten Dealer Nasmoco (CARS) Berhasil Raup Laba Rp136,8 Miliar",14 Mar 2023
Industri dan Perdagangan Bintraco Dharma,https://market.bisnis.com/read/20221011/192/1586352/menanti-rights-issue-cars-investor-perlu-perhatikan-ini,"Menanti Rights Issue CARS, Investor Perlu Perhatikan Ini",11 Okt 2022
Industri dan Perdagangan Bintraco Dharma,https://market.bisnis.com/read/20220418/192/1524013/bos-properti-ketum-rei-borong-saham-bintraco-dharma-cars,Bos Properti Ketum REI Borong Saham Bintraco Dharma CARS,18 Apr 2022
Industri dan Perdagangan Bintraco Dharma,https://pasardana.id/news/2022/4/18/untung-banyak-investor-ini-beli-cars-hanya-rp5-per-saham/,"Untung Banyak, Investor Ini Beli CARS Hanya Rp5 Per Saham",18 Apr 2022
Industri dan Perdagangan Bintraco Dharma,https://ajaib.co.id/prospek-saham-cars-dealer-toyota-yang-berharga-gocap/,"Prospek Saham CARS, Dealer Toyota yang Berharga Gocap",14 Des 2021
Industri dan Perdagangan Bintraco Dharma,https://wartaekonomi.co.id/read222303/good-bisnis-perdagangan-mobil-bekas-bintraco-bangun-perusahaan-baru,"Good! Bisnis Perdagangan Mobil Bekas, Bintraco Bangun Perusahaan Baru",4 Apr 2019
Industri dan Perdagangan Bintraco Dharma,https://photo.sindonews.com/gallery/28885/bintraco-dharma-jalin-kerjasama-dengan-alibaba-cloud,Bintraco Dharma Jalin Kerjasama dengan Alibaba Cloud,1 Agu 2018
Industri dan Perdagangan Bintraco Dharma,https://market.bisnis.com/read/20220704/192/1550940/emiten-distributor-otomotif-cars-ganti-direktur-utama-dan-komisaris,Emiten Distributor Otomotif (CARS) Ganti Direktur Utama dan Komisaris,4 Jul 2022
Industri dan Perdagangan Bintraco Dharma,https://www.bareksa.com/berita/berita-ekonomi-terkini/2017-04-10/saham-cars-turun-46-saat-listing-perdana-penjamin-efek-jadi-penjual-terbesar,"Saham CARS Turun 4,6% Saat Listing Perdana, Penjamin Efek Jadi Penjual Terbesar",10 Apr 2017
Industri dan Perdagangan Bintraco Dharma,https://wartaekonomi.co.id/read180156/cars-alokasikan-30-keuntungan-untuk-pemegang-saham.html,CARS Alokasikan 30% Keuntungan untuk Pemegang Saham,7 Mei 2018
Industri dan Perdagangan Bintraco Dharma,https://insight.kontan.co.id/news/sejak-akhir-kurtal-iii-2018-ahabe-sudah-melepas-2507-saham-cars,"Sejak Akhir Kurtal III 2018, Ahabe Sudah Melepas 25,07% Saham CARS",30 Jan 2019
Industri dan Perdagangan Bintraco Dharma,https://wartaekonomi.co.id/read373118/sang-dirut-digugat-bayar-utang-hingga-penyitaan-harta-pribadi-perusahaan-ini-langsung-respons,"Sang Dirut Digugat Bayar Utang hingga Penyitaan Harta Pribadi, Perusahaan Ini Langsung Respons....",9 Nov 2021
Industri dan Perdagangan Bintraco Dharma,https://market.bisnis.com/read/20220829/192/1571933/trimegah-trim-milik-boy-thohir-lepas-saham-cars-perlahan-sisa-182-miliar,"Trimegah (TRIM) Milik Boy Thohir Lepas Saham CARS Perlahan, Sisa 1,82 Miliar",29 Agu 2022
Industri dan Perdagangan Bintraco Dharma,https://market.bisnis.com/read/20220913/192/1576992/bos-realestate-paulus-totok-lusida-lego-3765-juta-saham-bintraco-cars,"Bos Realestate Paulus Totok Lusida Lego 376,5 Juta Saham Bintraco (CARS)",13 Sep 2022
Industri dan Perdagangan Bintraco Dharma,https://bisniskeuangan.kompas.com/read/xml/2017/03/01/180415026/lepas.saham.di.bursa.diler.nasmoco.targetkan.dana.rp.345.miliar,"Lepas Saham di Bursa, Diler Nasmoco Targetkan Dana Rp 345 Miliar",1 Mar 2017
Industri dan Perdagangan Bintraco Dharma,https://finance.detik.com/bursa-dan-valas/d-5699815/pemegang-saham-pengendali-emiten-dealer-toyota-digugat-pailit,Pemegang Saham Pengendali Emiten Dealer Toyota Digugat Pailit,28 Agu 2021
Industri dan Perdagangan Bintraco Dharma,https://finance.detik.com/bursa-dan-valas/d-5732538/pengendali-emiten-dealer-toyota-buka-suara-soal-gugatan-pailit,Pengendali Emiten Dealer Toyota Buka Suara Soal Gugatan Pailit,20 Sep 2021
Industri dan Perdagangan Bintraco Dharma,https://m.industry.co.id/view/1509/kinerja-bintraco-dharma-di-kuartal-pertama-2018,KINERJA BINTRACO DHARMA DI KUARTAL PERTAMA 2018,13 Mar 2020
Industri dan Perdagangan Bintraco Dharma,https://kabar24.bisnis.com/read/20220412/16/1522034/pengendali-emiten-dealer-cars-ahabe-niaga-resmi-berstatus-pkpu,"Pengendali Emiten Dealer CARS, Ahabe Niaga Resmi Berstatus PKPU",12 Apr 2022
Industri dan Perdagangan Bintraco Dharma,https://radarsemarang.jawapos.com/Semarang/721365228/selamatkan-pesisir-bedono,Selamatkan Pesisir Bedono - Radar Semarang,10 Feb 2020
Industri dan Perdagangan Bintraco Dharma,https://www.antarafoto.com/id/view/1072260/paparan-publik-pt-bintraco,PAPARAN PUBLIK PT BINTRACO,15 Nov 2019
Industri dan Perdagangan Bintraco Dharma,https://dataindonesia.id/pasar-saham/detail/deretan-emiten-terkena-suspensi-saham-periode-junioktober-2022,Deretan Emiten Terkena Suspensi Saham Periode Juniâ€“Oktober 2022,26 Okt 2022
Industri dan Perdagangan Bintraco Dharma,https://wartaekonomi.co.id/read222224/andalan-finance-dapat-pendanaan-rp480-miliar-dari-bri,Andalan Finance Dapat Pendanaan Rp480 Miliar dari BRI,3 Apr 2019
Industri dan Perdagangan Bintraco Dharma,https://kabar24.bisnis.com/read/20210827/16/1434938/digugat-pkpu-ini-jejak-ahabe-niaga-di-nyonya-meneer,"Digugat PKPU, Ini Jejak Ahabe Niaga di Nyonya Meneer",27 Agu 2021
Industri dan Perdagangan Bintraco Dharma,https://m.industry.co.id/view/2361/sertifikasi-iso-90012015-andalan-finance,Sertifikasi ISO 9001:2015 Andalan Finance,13 Mar 2020
Industri dan Perdagangan Bintraco Dharma,https://bisnis.tempo.co/read/1499507/pemilik-nasmoco-dan-merek-dagang-nyonya-meneer-digugat-pkpu-di-pn-semarang,Pemilik Nasmoco dan Merek Dagang Nyonya Meneer Digugat PKPU di PN Semarang,27 Agu 2021
Industri dan Perdagangan Bintraco Dharma,https://www.akurat.co/keuangan/1302031816/PT-Andalan-Finance-Indonesia-Dapatkan-Sertifikat-ISO-90012015,PT Andalan Finance Indonesia Dapatkan Sertifikat ISO 9001:2015 - Akurat,19 Des 2018
Industri dan Perdagangan Bintraco Dharma,https://jateng.tribunnews.com/2017/04/11/perusahaan-induk-nasmoco-resmi-melantai-di-bei,Perusahaan Induk Nasmoco Resmi Melantai di BEI,11 Apr 2017
Industri dan Perdagangan Bintraco Dharma,https://m.industry.co.id/read/21277/menutup-tahun-2017-andalan-finance-terima-fasilitas-kredit-usd-20-juta-dari-deg,"Menutup Tahun 2017, Andalan Finance Terima Fasilitas Kredit USD 20 Juta dari DEG",12 Des 2017
Industri dan Perdagangan Bintraco Dharma,https://infobanknews.com/bintraco-laba-meningkat/,Bintraco Laba Meningkat,23 Mei 2017
Industri dan Perdagangan Bintraco Dharma,https://jateng.tribunnews.com/2017/03/02/nasmoco-resmi-melantai-di-bursa-saham-keluarkan-150-juta-saham-baru,"Nasmoco Resmi Melantai di Bursa Saham, Keluarkan 150 Juta Saham Baru",2 Mar 2017
Industri dan Perdagangan Bintraco Dharma,https://www.medcom.id/ekonomi/mikro/aNrwOo1b-andalan-finance-raih-fasilitas-kredit-sindikasi-rp1-5-triliun-dari-8-bank,"Andalan Finance Raih Fasilitas Kredit Sindikasi Rp1,5 Triliun dari 8 Bank",20 Jul 2017
Industri dan Perdagangan Bintraco Dharma,https://m.industry.co.id/read/37098/ja-mitsui-leasing-singapore-dukung-pembiayaan-andalan-finance,JA Mitsui Leasing Singapore Dukung Pembiayaan Andalan Finance,1 Jul 2018
Industri dan Perdagangan Bintraco Dharma,https://swa.co.id/read/194687/andalan-finance-raih-kredit-us5-juta-dari-jmls,Andalan Finance Raih Kredit US$5 Juta dari JMLS,28 Jun 2018
Industri dan Perdagangan Bintraco Dharma,https://www.medcom.id/ekonomi/mikro/ob3BQP0N-andalan-finance-raih-pendanaan-rp100-miliar-dari-bank-victoria,Andalan Finance Raih Pendanaan Rp100 Miliar dari Bank Victoria,1 Sep 2017
Industri dan Perdagangan Bintraco Dharma,https://m.industry.co.id/read/29396/andalan-finance-dapat-fasilitas-kredit-dari-bca-rp-300-miliar,Andalan Finance Dapat Fasilitas Kredit dari BCA Rp 300 Miliar,26 Mar 2018
Industri dan Perdagangan Bintraco Dharma,https://m.industry.co.id/view/3442/bintraco-bukukan-laba-bersih-117-miliar,Bintraco Bukukan Laba Bersih 117 Miliar,13 Mar 2020
Industri dan Perdagangan Bintraco Dharma,https://swa.co.id/swa/trends/andalan-finance-raih-pendanaan-kredit-us5-juta-dari-mitsui-singapura,Andalan Finance Raih Pendanaan Kredit US$5 Juta dari Mitsui Singapura,4 Jul 2018
Industri dan Perdagangan Bintraco Dharma,https://homecare24.id/pt-industri-dan-perdagangan-bintraco-dharma-tbk/,Pt Industri Dan Perdagangan Bintraco Dharma Tbk,26 Sep 2023
Malacca Trust Wuwungan Insuran,https://keuangan.kontan.co.id/news/pendapatan-premi-bruto-malacca-trust-insurance-melonjak-10928-di-semester-i-2024,"Pendapatan Premi Bruto Malacca Trust Insurance Melonjak 109,28% di Semester I-2024",1 hari lalu
Malacca Trust Wuwungan Insuran,https://www.neraca.co.id/article/202506/laba-malacca-trust-melesat-tajam-28589,"Laba Malacca Trust Melesat Tajam 285,89%",3 hari lalu
Malacca Trust Wuwungan Insuran,https://insight.kontan.co.id/news/laba-malacca-trust-insurance-mtwi-melesat-285-di-semester-i,Laba Malacca Trust Insurance (MTWI) Melesat 285% di Semester I,1 minggu lalu
Malacca Trust Wuwungan Insuran,https://www.cnbcindonesia.com/market/20230913123002-17-472081/ilham-habibie-jadi-komut-ini-pemilik-malacca-trust,"Ilham Habibie jadi Komut, Ini Pemilik Malacca Trust",13 Sep 2023
Malacca Trust Wuwungan Insuran,https://emitennews.com/news/bosan-rugi-per-september-2023-malacca-trust-wuwungan-insurance-mtwi-mulai-laba,"Bosan Rugi, Per September 2023 Malacca Trust Wuwungan Insurance (MTWI) Mulai Laba",27 Okt 2023
Malacca Trust Wuwungan Insuran,https://www.beritamoneter.com/semester-i-2024-laba-malacca-trust-insurance-naik-28573-jadi-rp3612-miliar/,"Semester I 2024, Laba Malacca Trust Insurance Naik 285,73% Jadi Rp36,12 Miliar",6 hari lalu
Malacca Trust Wuwungan Insuran,https://investasi.kontan.co.id/news/malacca-trust-wuwungan-mtwi-meraih-laba-rp-1224-miliar-di-2023,"Malacca Trust Wuwungan (MTWI) Meraih Laba Rp 12,24 Miliar di 2023",1 Apr 2024
Malacca Trust Wuwungan Insuran,https://www.cnbcindonesia.com/market/20230901163943-17-468288/dari-muamalat-ilham-habibie-berlabuh-ke-malacca-trust,"Dari Muamalat, Ilham Habibie Berlabuh ke Malacca Trust",1 Sep 2023
Malacca Trust Wuwungan Insuran,https://www.beritasatu.com/ekonomi/1057687/terus-perkuat-modal-bisnis-malacca-trust-insurance-tumbuh-berkelanjutan,"Terus Perkuat Modal, Bisnis Malacca Trust Insurance Tumbuh Berkelanjutan",17 Jul 2023
Malacca Trust Wuwungan Insuran,https://finansial.bisnis.com/read/20221026/215/1591600/malacca-trust-wuwungan-insurance-mtwi-laporkan-rugi-rp484-miliar,"Malacca Trust Wuwungan Insurance (MTWI) Laporkan Rugi Rp4,84 Miliar",26 Okt 2022
Malacca Trust Wuwungan Insuran,https://keuangan.kontan.co.id/news/malacca-trust-wuwungan-insurance-catatkan-laba-rp-1226-miliar-per-september-2023,"Malacca Trust Wuwungan Insurance Catatkan Laba Rp 12,26 Miliar per September 2023",25 Okt 2023
Malacca Trust Wuwungan Insuran,https://finansial.bisnis.com/read/20221220/215/1610200/asuransi-malacca-trust-mtwi-rights-issue-rp13986-miliar-cek-jadwalnya,"Asuransi Malacca Trust (MTWI) Rights Issue Rp139,86 Miliar, Cek Jadwalnya!",20 Des 2022
Malacca Trust Wuwungan Insuran,https://www.emitennews.com/news/direktur-lego-1-juta-saham-malacca-trust-wuwungan-insurance-mtwi-harga-rp130-per-lembar,"Direktur, Lego 1 Juta Saham Malacca Trust Wuwungan Insurance (MTWI) Harga Rp130 per Lembar",24 Mar 2022
Malacca Trust Wuwungan Insuran,https://keuangan.kontan.co.id/news/analis-nilai-kenaikan-modal-minimum-industri-perasuransian-dorong-aksi-korporasi,Analis Nilai Kenaikan Modal Minimum Industri Perasuransian Dorong Aksi Korporasi,11 Jan 2024
Malacca Trust Wuwungan Insuran,https://emitennews.com/news/melambung-327-persen-paruh-pertama-2023-malacca-trust-mtwi-raup-laba-rp936-miliar,"Melambung 327 Persen, Paruh Pertama 2023 Malacca Trust (MTWI) Raup Laba Rp9,36 Miliar",18 Jul 2023
Malacca Trust Wuwungan Insuran,https://pusatdata.kontan.co.id/quote/MTWI,MTWI : PT Malacca Trust Wuwungan Insurance Tbk.,21 Apr 2020
Malacca Trust Wuwungan Insuran,https://investasi.kontan.co.id/news/direktur-malacca-trust-wuwungan-mtwi-tambah-kepemilikan-sahamnya,Direktur Malacca Trust Wuwungan (MTWI) Tambah Kepemilikan Saham,8 Feb 2023
Malacca Trust Wuwungan Insuran,https://investasi.kontan.co.id/news/malacca-trust-insurance-mtwi-akan-rights-issue-14-miliar-saham,"Malacca Trust Insurance (MTWI) akan Rights Issue 1,4 Miliar Saham",3 Agu 2022
Malacca Trust Wuwungan Insuran,https://keuangan.kontan.co.id/news/terancam-tak-penuhi-aturan-free-float-pasca-rights-issue-ini-kata-manajemen-mtwi,"Terancam Tak Penuhi Aturan Free Float Pasca Rights Issue, Ini Kata Manajemen MTWI",15 Nov 2022
Malacca Trust Wuwungan Insuran,https://keuangan.kontan.co.id/news/malacca-trust-menyasar-milenial,Malacca Trust menyasar milenial,11 Okt 2017
Malacca Trust Wuwungan Insuran,https://emitennews.com/news/rugi-susut-malacca-trust-insurance-mtwi-kuartal-iii-2022-masih-tekor-rp411-miliar,"Rugi Susut, Malacca Trust Insurance (MTWI) Kuartal III-2022 Masih Tekor Rp4,11 Miliar",21 Nov 2022
Malacca Trust Wuwungan Insuran,https://emitennews.com/news/malacca-trust-insurance-mtwi-right-issue-rp13986-miliar-berikut-jadwalnya,"Malacca Trust Insurance (MTWI) Right Issue Rp139,86 Miliar, Berikut Jadwalnya",20 Des 2022
Malacca Trust Wuwungan Insuran,https://finansial.bisnis.com/read/20221026/215/1591621/malacca-trust-mtwi-bakal-rights-issue-139-miliar-saham-catat-jadwalnya,"Malacca Trust (MTWI) Bakal Rights Issue 1,39 Miliar Saham, Catat Jadwalnya!",26 Okt 2022
Malacca Trust Wuwungan Insuran,https://www.cnbcindonesia.com/market/20181220083308-17-47212/ilham-habibie-mundur-dari-malacca-insurance,Ilham Habibie Mundur dari Malacca Insurance,20 Des 2018
Malacca Trust Wuwungan Insuran,https://finansial.bisnis.com/read/20200727/215/1271760/akrobat-malacca-trust-di-emiten-asuransi-wuwungan-mtwi-rintisan-keluarga-habibie,Akrobat Malacca Trust di Emiten Asuransi Wuwungan (MTWI) Rintisan Keluarga Habibie,27 Jul 2020
Malacca Trust Wuwungan Insuran,https://keuangan.kontan.co.id/news/porsi-asuransi-kesehatan-malacca-trust-terbesar,Porsi asuransi kesehatan Malacca Trust terbesar,24 Sep 2017
Malacca Trust Wuwungan Insuran,https://finansial.bisnis.com/read/20221114/215/1598029/dicecar-bei-soal-saham-publik-asuransi-malacca-mtwi-ungkap-rencana-lanjutan,"Dicecar BEI Soal Saham Publik, Asuransi Malacca (MTWI) Ungkap Rencana Lanjutan",14 Nov 2022
Malacca Trust Wuwungan Insuran,https://investor.id/market/335298/asing-disebutsebut-bidik-malacca-trust-mtwi-saham-ditargetkan-ke-rp-150,"Asing Disebut-sebut Bidik Malacca Trust (MTWI), Saham Ditargetkan ke Rp 150",17 Jul 2023
Malacca Trust Wuwungan Insuran,https://www.cnbcindonesia.com/market/20190627102634-17-80999/saham-malacca-tetiba-meroket-22-emiten-apakah-ini,"Saham Malacca Tetiba Meroket 22%, Emiten Apakah Ini?",27 Jun 2019
Malacca Trust Wuwungan Insuran,https://jateng.antaranews.com/berita/74022/malacca-trust-insurance-ekspansi-ke-semarang,Malacca Trust Insurance Ekspansi ke Semarang,11 Feb 2013
Malacca Trust Wuwungan Insuran,https://finansial.bisnis.com/read/20220802/215/1562332/hasil-rups-malacca-trust-mtwi-pemegang-saham-tahan-laba,"Hasil RUPS Malacca Trust (MTWI), Pemegang Saham Tahan Laba",2 Agu 2022
Malacca Trust Wuwungan Insuran,https://keuangan.kontan.co.id/news/sejumlah-emiten-iknb-masih-belum-memenuhi-aturan-free-float,Sejumlah Emiten IKNB Masih Belum Memenuhi Aturan Free Float,16 Nov 2022
Malacca Trust Wuwungan Insuran,https://keuangan.kontan.co.id/news/malacca-trust-pasang-target-premi-konservatif,Malacca Trust pasang target premi konservatif,17 Sep 2017
Malacca Trust Wuwungan Insuran,https://www.emitennews.com/news/jelang-right-issue-batavia-prosperindo-bpfi-borong-24193-juta-saham-mtwi,"Jelang Right Issue, Batavia Prosperindo (BPFI) Borong 241,93 Juta Saham MTWI",9 Okt 2022
Malacca Trust Wuwungan Insuran,https://emitennews.com/news/tak-tersisa-batavia-prosperindo-bpfi-lego-saham-mtwi-rp153-154-per-lembar,"Tak Tersisa, Batavia Prosperindo (BPFI) Lego Saham MTWI Rp153-154 per Lembar",7 Sep 2022
Malacca Trust Wuwungan Insuran,https://finance.detik.com/bursa-dan-valas/d-3678988/ipo-saham-perusahaan-asuransi-tertua-habibie-menguat-20,"IPO, Saham Perusahaan Asuransi Tertua Habibie Menguat 20%",11 Okt 2017
Malacca Trust Wuwungan Insuran,https://keuangan.kontan.co.id/news/malacca-insurance-permudah-proses-klaim-kendaraan,Malacca Insurance permudah proses klaim kendaraan,12 Mar 2015
Malacca Trust Wuwungan Insuran,https://snips.stockbit.com/investasi/saham-asuransi,18 Daftar Saham Asuransi yang Terdaftar di Bursa Efek Indonesia,5 Agu 2022
Malacca Trust Wuwungan Insuran,https://keuangan.kontan.co.id/news/mallaca-ez-mudah-berasuransi-mobil-lewat-ponsel,"Mallaca EZ, mudah berasuransi mobil lewat ponsel",24 Feb 2015
Malacca Trust Wuwungan Insuran,https://bisnis.tempo.co/read/1023774/malacca-trust-wuwungan-resmi-melantai-di-bursa-saham,Malacca Trust Wuwungan Resmi Melantai di Bursa Saham,11 Okt 2017
Malacca Trust Wuwungan Insuran,https://www.beritasatu.com/ekonomi/255961/klaim-kendaraan-rusak-nasabah-malacca-trust-cukup-kirim-foto,"Klaim Kendaraan Rusak, Nasabah Malacca Trust Cukup Kirim Foto",10 Mar 2015
Malacca Trust Wuwungan Insuran,https://investor.id/national/113663/permudah-klaim-nasabah-malacca-trust-luncurkan-aplikasi-malaccaez,"Permudah Klaim Nasabah, Malacca Trust Luncurkan Aplikasi MalaccaEZ",17 Apr 2015
Malacca Trust Wuwungan Insuran,https://investor.id/banking/110509/malacca-insurance-permudah-proses-klaim-kendaraan,Malacca Insurance Permudah Proses Klaim Kendaraan,13 Mar 2015
Malacca Trust Wuwungan Insuran,https://www.trenasia.com/dongkrak-rbc-malacca-insurance-mtwi-bakal-rights-issue-1-39-miliar-saham,"Dongkrak RBC, Malacca Insurance (MTWI) Bakal Rights Issue 1,39 Miliar Saham",26 Okt 2022
Malacca Trust Wuwungan Insuran,https://duniafintech.com/malacca-trust/,"Malacca Trust: Profil, Produk, hingga Cara Klaim Asuransinya",28 Jan 2023
Malacca Trust Wuwungan Insuran,https://www.kabarbisnis.com/photo/284334/asuransi-malacca-trust-incar-premi-rp25-m-di-jatim,Asuransi Malacca Trust incar premi Rp25 M di Jatim,5 Feb 2013
Pelayaran Nasional Ekalya Purnamasari,https://investasi.kontan.co.id/news/gencar-ekspansi-ekalya-purnamasari-elpi-cetak-pertumbuhan-kinerja-beruntun,"Gencar Ekspansi, Ekalya Purnamasari (ELPI) Cetak Pertumbuhan Kinerja Beruntun",1 minggu lalu
Pelayaran Nasional Ekalya Purnamasari,https://www.cnbcindonesia.com/market/20240430094017-17-534537/laba-emiten-pelayaran--elpi--naik-568-beban-operasi-bengkak,"Laba Emiten Pelayaran (ELPI) Naik 56,8%, Beban Operasi Bengkak",30 Apr 2024
Pelayaran Nasional Ekalya Purnamasari,https://www.batastimor.com/nasional/80513102924/pt-pelayaran-nasional-ekalya-purnamasari-buka-lowongan-kerja-di-7-posisi-silahkan-cek-cara-daftar?page=4,PT Pelayaran Nasional Ekalya Purnamasari Buka Lowongan Kerja di 7 Posisi: Silahkan Cek Cara Daftar! - Batas Timor,2 minggu lalu
Pelayaran Nasional Ekalya Purnamasari,https://investor.id/market/361713/emiten-pelayaran-elpi-bakal-bagikan-dividen-tunai-rp-4669-miliar,"Emiten Pelayaran (ELPI) Bakal Bagikan Dividen Tunai Rp 46,69 Miliar",16 Mei 2024
Pelayaran Nasional Ekalya Purnamasari,https://money.kompas.com/read/2024/04/01/124421326/berkah-ekspansi-ke-luar-negeri-emiten-pelayaran-elpi-cetak-pendapatan-rp-107,"Berkah Ekspansi ke Luar Negeri, Emiten Pelayaran ELPI Cetak Pendapatan Rp 1,07 Triliun Sepanjang 2023",1 Apr 2024
Pelayaran Nasional Ekalya Purnamasari,https://www.emitennews.com/news/pelayaran-ekalya-elpi-lego-anak-usaha-rp219m-ini-tujuannya,"Pelayaran Ekalya (ELPI) Lego Anak Usaha Rp21,9M, Ini Tujuannya",1 bulan lalu
Pelayaran Nasional Ekalya Purnamasari,https://insight.kontan.co.id/news/pelayaran-nasional-ekalya-elpi-tambah-lima-kapal-tongkang-baru,Pelayaran Nasional Ekalya (ELPI) Tambah Lima Kapal Tongkang Baru,2 minggu lalu
Pelayaran Nasional Ekalya Purnamasari,https://market.bisnis.com/read/20240115/7/1732353/ekalya-purnamasari-elpi-siapkan-capex-rp1-triliun-2024-mau-tambah-armada,"Ekalya Purnamasari (ELPI) Siapkan Capex Rp1 Triliun 2024, Mau Tambah Armada",15 Jan 2024
Pelayaran Nasional Ekalya Purnamasari,https://emitennews.com/news/pelayaran-ekalya-elpi-sebar-dividen-rp467m-cek-jadwalnya,"Pelayaran Ekalya (ELPI) Sebar Dividen Rp46,7M, Cek Jadwalnya",17 Mei 2024
Pelayaran Nasional Ekalya Purnamasari,https://market.bisnis.com/read/20240516/192/1765761/elpi-jor-joran-belanja-kapal-bidik-laba-naik-15-pada-2024,"ELPI Jor-joran Belanja Kapal, Bidik Laba Naik 15% pada 2024",16 Mei 2024
Pelayaran Nasional Ekalya Purnamasari,https://investasi.kontan.co.id/news/bagini-profil-pelayaran-nasional-ekalya-purnamasari-elpi,Bagini Profil Pelayaran Nasional Ekalya Purnamasari (ELPI),29 Des 2023
Pelayaran Nasional Ekalya Purnamasari,https://investasi.kontan.co.id/news/siapkan-capex-rp-1-triliun-begini-rencana-ekalya-purnamasari-elpi-di-2024,"Siapkan Capex Rp 1 Triliun, Begini Rencana Ekalya Purnamasari (ELPI) di 2024",15 Mei 2024
Pelayaran Nasional Ekalya Purnamasari,https://emitennews.com/news/pelayaran-ekalya-elpi-jual-untung-aset-kapal-ke-anak-usaha,Pelayaran Ekalya (ELPI) Jual Untung Aset Kapal ke Anak Usaha,3 Apr 2024
Pelayaran Nasional Ekalya Purnamasari,https://investasi.kontan.co.id/news/rupst-ekalya-purnamasari-elpi-sepakat-untuk-membagikan-dividen-rp-4669-miliar,"RUPST Ekalya Purnamasari (ELPI) Sepakat untuk Membagikan Dividen Rp 46,69 Miliar",15 Mei 2024
Pelayaran Nasional Ekalya Purnamasari,https://investasi.kontan.co.id/news/bakal-tambah-7-kapal-ekalya-purnamasari-elpi-siapkan-capex-rp-1-triliun,"Bakal Tambah 7 Kapal, Ekalya Purnamasari (ELPI) Siapkan Capex Rp 1 Triliun",15 Jan 2024
Pelayaran Nasional Ekalya Purnamasari,https://investasi.kontan.co.id/news/pendapatan-dan-laba-bersih-ekalya-purnamasari-elpi-kompak-tumbuh-dua-digit,Pendapatan dan Laba Bersih Ekalya Purnamasari (ELPI) Kompak Tumbuh Dua Digit,30 Apr 2024
Pelayaran Nasional Ekalya Purnamasari,https://investasi.kontan.co.id/news/ekalya-purnamasari-elpi-siapkan-capex-rp-1-triliun-untuk-apa-saja,"Ekalya Purnamasari (ELPI) Siapkan Capex Rp 1 Triliun, Untuk Apa Saja?",23 Jan 2024
Pelayaran Nasional Ekalya Purnamasari,https://investasi.kontan.co.id/news/pendapatan-offshore-melonjak-laba-bersih-ekalya-purnamasari-elpi-tumbuh-subur,"Pendapatan Offshore Melonjak, Laba Bersih Ekalya Purnamasari (ELPI) Tumbuh Subur",30 Okt 2023
Pelayaran Nasional Ekalya Purnamasari,https://industri.kontan.co.id/news/elpi-siapkan-dana-1-triliun-untuk-belanja-5-kapal-tongkang-baru,ELPI Siapkan Dana 1 Triliun untuk Belanja 5 Kapal Tongkang Baru,3 minggu lalu
Pelayaran Nasional Ekalya Purnamasari,https://insight.kontan.co.id/news/mendongkrak-kinerja-elpi-mulai-fokus-di-logistik-migas,"Mendongkrak Kinerja, ELPI Mulai Fokus di Logistik Migas",16 Mei 2024
Pelayaran Nasional Ekalya Purnamasari,https://surabaya.inews.id/read/443775/ekspansi-tahun-2024-pt-pelayaran-nasional-ekalya-purnamasari-siapkan-rp-1-triliun/2,"Ekspansi Tahun 2024, PT Pelayaran Nasional Ekalya Purnamasari Siapkan Rp 1 Triliun",16 Mei 2024
Pelayaran Nasional Ekalya Purnamasari,https://www.batastimor.com/nasional/80512431208/ada-banyak-posisi-menarik-pt-pelayaran-nasional-ekalya-purnamasari-elpi-buka-lowongan-kerja-terbaru-bisa-melamar-langsung-di-sini,"Ada Banyak Posisi Menarik! PT Pelayaran Nasional Ekalya Purnamasari (ELPI) Buka Lowongan Kerja Terbaru, Bisa Melamar Langsung Di Sini - Batas Timor",16 Apr 2024
Pelayaran Nasional Ekalya Purnamasari,https://market.bisnis.com/read/20231113/192/1713713/kinerja-moncer-simak-prospek-saham-emiten-pelayaran-ekalya-purnamasari-elpi,"Kinerja Moncer, Simak Prospek Saham Emiten Pelayaran Ekalya Purnamasari (ELPI)",13 Nov 2023
Pelayaran Nasional Ekalya Purnamasari,https://surabaya.bisnis.com/read/20240422/531/1759255/elpi-dukung-pengembangan-adventure-land-romokalisari,ELPI Dukung Pengembangan Adventure Land Romokalisari,22 Apr 2024
Pelayaran Nasional Ekalya Purnamasari,https://market.bisnis.com/read/20240401/192/1754140/emiten-pelayaran-elpi-cetak-laba-rp161-miliar-2023-bisnis-offshore-menopang,"Emiten Pelayaran ELPI Cetak Laba Rp161 Miliar 2023, Bisnis Offshore Menopang",1 Apr 2024
Pelayaran Nasional Ekalya Purnamasari,https://insight.kontan.co.id/news/demi-garap-kontrak-senilai-rp-200-miliar-di-malaysia-elpi-jual-kapal-rp-91-miliar,"Demi Garap Kontrak Senilai Rp 200 Miliar di Malaysia, ELPI Jual Kapal Rp 91 Miliar",5 Apr 2024
Pelayaran Nasional Ekalya Purnamasari,https://market.bisnis.com/read/20231127/192/1718257/pelayaran-nasional-ekalya-elpi-raih-kontrak-rp200-miliar-dari-perusahaan-malaysia,Pelayaran Nasional Ekalya (ELPI) Raih Kontrak Rp200 Miliar dari Perusahaan Malaysia,27 Nov 2023
Pelayaran Nasional Ekalya Purnamasari,https://www.emitennews.com/news/maret-2024-laba-dan-pendapatan-pelayaran-elpi-kompak-melejit,"Maret 2024, Laba dan Pendapatan Pelayaran (ELPI) Kompak Melejit",30 Apr 2024
Pelayaran Nasional Ekalya Purnamasari,https://www.idxchannel.com/market-news/ditopang-segmen-offshore-pendapatan-ekalya-elpi-melonjak-41-persen,"Ditopang Segmen Offshore, Pendapatan Ekalya (ELPI) Melonjak 41 Persen",30 Apr 2024
Pelayaran Nasional Ekalya Purnamasari,https://www.idxchannel.com/market-news/lagi-efisiensi-dan-keselamatan-kinerja-ekalya-purnamasari-elpi-diapresiasi,"Lagi, Efisiensi dan Keselamatan Kinerja Ekalya Purnamasari (ELPI) Diapresiasi",28 Feb 2024
Pelayaran Nasional Ekalya Purnamasari,https://www.cnbcindonesia.com/market/20231127064416-17-492179/emiten-elpi-teken-kontrak-rp200-m-dengan-perusahaan-malaysia,Emiten ELPI Teken Kontrak Rp200 M dengan Perusahaan Malaysia,27 Nov 2023
Pelayaran Nasional Ekalya Purnamasari,https://industri.kontan.co.id/news/ekspansi-kapal-elpi-bidik-kenaikan-pendapatan-pada-tahun-ini,"Ekspansi Kapal, ELPI Bidik Kenaikan Pendapatan pada Tahun Ini",17 Jan 2024
Pelayaran Nasional Ekalya Purnamasari,https://investasi.kontan.co.id/news/ekalya-purnamasari-elpi-mengembangkan-multicat-hybrid-power-vessel,Ekalya Purnamasari (ELPI) Mengembangkan Multicat Hybrid Power Vessel,28 Sep 2023
Pelayaran Nasional Ekalya Purnamasari,https://emitennews.com/news/kinerja-alami-lonjakan-signifikan-ini-target-harga-saham-pelayaran-nasional-ekalya-elpi,"Kinerja Alami Lonjakan Signifikan, Ini Target Harga Saham Pelayaran Nasional Ekalya (ELPI)",13 Nov 2023
Pelayaran Nasional Ekalya Purnamasari,https://emitennews.com/news/ekspansi-non-offshore-pendapatan-elpi-2023-tembus-rp1-triliun,"Ekspansi Non Offshore, Pendapatan ELPI 2023 Tembus Rp1 Triliun",1 Apr 2024
Pelayaran Nasional Ekalya Purnamasari,https://emitennews.com/news/laba-meroket-emiten-pelayaran-elpi-tabur-dividen-rp4669-miliar,"Laba Meroket, Emiten Pelayaran (ELPI) Tabur Dividen Rp46,69 Miliar",16 Mei 2024
Pelayaran Nasional Ekalya Purnamasari,https://www.idxchannel.com/market-news/menjanjikan-begini-proyeksi-bisnis-ekalya-purnamasari-elpi-di-mata-analis,"Menjanjikan, Begini Proyeksi Bisnis Ekalya Purnamasari (ELPI) di Mata Analis",13 Nov 2023
Pelayaran Nasional Ekalya Purnamasari,https://money.kompas.com/read/2024/05/16/100000226/emiten-pelayaran-elpi-bakal-tebar-dividen-tunai-rp-46-69-miliar?page=all,"Emiten Pelayaran ELPI Bakal Tebar Dividen Tunai Rp 46,69 Miliar Halaman all",16 Mei 2024
Pelayaran Nasional Ekalya Purnamasari,https://emitennews.com/news/borong-kapal-elpi-target-kuasai-3-wilayah-kerja-malaysia,"Borong Kapal, ELPI Target Kuasai 3 Wilayah Kerja Malaysia",19 Feb 2024
Pelayaran Nasional Ekalya Purnamasari,https://www.cnbcindonesia.com/market/20240115072130-17-505548/pinjam-bank-emiten-pelayaran--elpi--siapkan-capex-rp-1-t-untuk-ini,"Pinjam Bank, Emiten Pelayaran (ELPI) Siapkan Capex Rp 1 T untuk Ini",15 Jan 2024
Pelayaran Nasional Ekalya Purnamasari,https://www.batastimor.com/nasional/80512829656/pt-pelayaran-nasional-buka-lowongan-kerja-di-8-posisi-strategis-penempatan-berbagai-kota-di-indonesia,PT Pelayaran Nasional Buka Lowongan Kerja di 8 Posisi Strategis: Penempatan Berbagai Kota di Indonesia! - Batas Timor,1 bulan lalu
Pelayaran Nasional Ekalya Purnamasari,https://www.cnbcindonesia.com/market/20230927175516-17-476141/emiten-pelayaran-ini-ngebet-ikut-bursa-karbon,Emiten Pelayaran Ini Ngebet Ikut Bursa Karbon,27 Sep 2023
Pelayaran Nasional Ekalya Purnamasari,https://emitennews.com/news/elpi-laporkan-dana-ipo-rp2224-miliar-sudah-habis-ini-realisasinya,"ELPI Laporkan Dana IPO Rp222,4 Miliar Sudah Habis, Ini Realisasinya",12 Jan 2024
Pelayaran Nasional Ekalya Purnamasari,https://sultra1news.com/2024/07/15/didapuk-jadi-perusahaan-pelayaran-offshore-terbaik-begini-strategi-ekalya-elpi/,"Didapuk Jadi Perusahaan Pelayaran Offshore Terbaik, Begini Strategi Ekalya (ELPI)",1 minggu lalu
Pelayaran Nasional Ekalya Purnamasari,https://emitennews.com/news/setelah-mv-kini-ekalya-purnamasari-elpi-bakal-kembangkan-multicat-hybrid-power-vessel,"Setelah MV, Kini Ekalya Purnamasari (ELPI) Bakal Kembangkan Multicat Hybrid Power Vessel",29 Sep 2023
Pelayaran Nasional Ekalya Purnamasari,https://www.batastimor.com/nasional/80513103484/pt-len-telekomunikasi-indonesia-buka-lowongan-kerja-silahkan-daftar-disini?page=2,PT Len Telekomunikasi Indonesia Buka Lowongan Kerja: Silahkan Daftar Disini! - Batas Timor,2 minggu lalu
Pelayaran Nasional Ekalya Purnamasari,https://investasi.kontan.co.id/news/genjot-kinerja-ekalya-purnamasari-elpi-kedatangan-satu-kapal-baru,"Genjot Kinerja, Ekalya Purnamasari (ELPI) Kedatangan Satu Kapal Baru",3 Agu 2023
Pelayaran Nasional Ekalya Purnamasari,https://surabaya.tribunnews.com/2024/04/20/fokus-lingkungan-elpi-tanam-3200-mangrove-dan-beri-gazebo-di-romokalisari-adventure-land-surabaya,Fokus Lingkungan ELPI Tanam 3200 Mangrove Dan Beri Gazebo Di Romokalisari Adventure Land Surabaya,20 Apr 2024
Pelayaran Nasional Ekalya Purnamasari,https://market.bisnis.com/read/20231030/192/1709177/emiten-pelayaran-elpi-cetak-laba-rp1465-miliar-cek-strateginya,"Emiten Pelayaran ELPI Cetak Laba Rp146,5 Miliar, Cek Strateginya",30 Okt 2023
Pelayaran Nasional Ekalya Purnamasari,https://pasardana.id/news/2024/5/17/elpi-bakal-bagikan-dividen-tunai-tahun-buku-2023-sebesar-rp6-3-per-saham/,"ELPI Bakal Bagikan Dividen Tunai Tahun Buku 2023 Sebesar Rp6,3 per Saham",17 Mei 2024
Pelayaran Nasional Ekalya Purnamasari,https://www.idxchannel.com/market-news/pendapatan-tembus-rp1-triliun-ekalya-elpi-perkuat-ekspansi-non-offshore,"Pendapatan Tembus Rp1 Triliun, Ekalya (ELPI) Perkuat Ekspansi Non Offshore",31 Mar 2024
Pelayaran Nasional Ekalya Purnamasari,https://www.emitennews.com/news/elpi-siapkan-capex-rp1-triliun-untuk-ekspansi-overseas-dan-pengadaan-kapal,ELPI Siapkan Capex Rp1 Triliun Untuk Ekspansi Overseas dan Pengadaan Kapal,15 Jan 2024
Pelayaran Nasional Ekalya Purnamasari,https://www.idxchannel.com/market-news/gandeng-perusahaan-malaysia-ekalya-elpi-kantongi-kontrak-rp200-miliar,"Gandeng Perusahaan Malaysia, Ekalya (ELPI) Kantongi Kontrak Rp200 Miliar",19 Feb 2024
Pelayaran Nasional Ekalya Purnamasari,https://www.emitennews.com/news/ekalya-purnamasari-elpi-tingkatkan-modal-anak-usaha-jadi-rp100-miliar,Ekalya Purnamasari (ELPI) Tingkatkan Modal Anak Usaha Jadi Rp100 Miliar,16 Agu 2023
Pelayaran Nasional Ekalya Purnamasari,https://kaltimfaktual.co/tunggak-upah-lembur-rp7-m-pt-pnpe-dilaporkan-ke-dewan/,"Tunggak Upah Lembur Rp7 M, PT PNPE Dilaporkan ke Dewan",17 Okt 2023
Pelayaran Nasional Ekalya Purnamasari,https://www.emitennews.com/news/ekspansi-ke-malaysia-elpi-teken-kontrak-dengan-nka-energy-dan-perpetro-rp200-miliar,"Ekspansi ke Malaysia, ELPI Teken Kontrak dengan NKA Energy dan Perpetro Rp200 Miliar",27 Nov 2023
Pelayaran Nasional Ekalya Purnamasari,https://investasi.kontan.co.id/news/ini-penopang-pendapatan-ekalya-purnamasari-elpi-yang-naik-68,Ini Penopang Pendapatan Ekalya Purnamasari (ELPI) yang Naik 68%,28 Apr 2023
Pelayaran Nasional Ekalya Purnamasari,https://www.idxchannel.com/market-news/ekalya-purnamasari-elpi-datangkan-satu-kapal-baru-dukung-kinerja-angkutan-batu-bara,"Ekalya Purnamasari (ELPI) Datangkan Satu Kapal Baru, Dukung Kinerja Angkutan Batu Bara",4 Agu 2023
Pelayaran Nasional Ekalya Purnamasari,https://www.beritasatu.com/ekonomi/962261/pelayaran-nasional-ekalya-purnamasari-siap-akuisasi-kapal,Pelayaran Nasional Ekalya Purnamasari Siap Akuisasi Kapal,9 Agu 2022
Pelayaran Nasional Ekalya Purnamasari,https://investasi.kontan.co.id/news/pelayaran-nasional-ekalya-purnamasari-elpi-raih-dana-segar-rp-2224-miliar-dari-ipo,"Pelayaran Nasional Ekalya Purnamasari (ELPI) Raih Dana Segar Rp 222,4 Miliar dari IPO",8 Agu 2022
Pelayaran Nasional Ekalya Purnamasari,https://industri.kontan.co.id/news/rambah-bidang-transhipment-pelayaran-nasional-ekalya-elpi-tambah-satu-kapal-baru,"Rambah Bidang Transhipment, Pelayaran Nasional Ekalya (ELPI) Tambah Satu Kapal Baru",27 Jun 2023
Pelayaran Nasional Ekalya Purnamasari,https://investasi.kontan.co.id/news/pelayaran-nasional-ekalya-purnamasari-elpi-tambah-saham-di-samudra-luas,Pelayaran Nasional Ekalya Purnamasari (ELPI) Tambah Saham di Samudra Luas,13 Jun 2023
Pelayaran Nasional Ekalya Purnamasari,https://emitennews.com/news/ekspansi-pelayaran-nasional-ekalya-purnamasari-elpi-siapkan-investasi-rp200-250-miliar,"Ekspansi, Pelayaran Nasional Ekalya Purnamasari (ELPI) Siapkan Investasi Rp200-250 Miliar",15 Jul 2022
Pelayaran Nasional Ekalya Purnamasari,https://investasi.kontan.co.id/news/ekalya-purnamasari-elpi-akan-tebar-dividen-rp-3099-miliar,"Ekalya Purnamasari (ELPI) akan Tebar Dividen Rp 30,99 Miliar",26 Mei 2023
Pelayaran Nasional Ekalya Purnamasari,https://market.bisnis.com/read/20230928/192/1699239/elpi-pangkas-jumlah-kapal-diklaim-untuk-kurangi-emisi-karbon,"ELPI Pangkas Jumlah Kapal, Diklaim untuk Kurangi Emisi Karbon",28 Sep 2023
Pelayaran Nasional Ekalya Purnamasari,https://www.batastimor.com/nasional/80512433908/lowongan-kerja-terbaru-pt-social-bella-indonesia-sociolla-lulusan-smasmk-sederajat-dibutuhkan,"Lowongan Kerja Terbaru PT Social Bella Indonesia (Sociolla), Lulusan SMA/SMK Sederajat Dibutuhkan - Batas Timor",16 Apr 2024
Pelayaran Nasional Ekalya Purnamasari,https://www.batastimor.com/nasional/80512437013/lowongan-terkini-pt-sinergi-anugrah-mandiri-cek-posisi-dan-persyaratannya-di-sini,"Lowongan Terkini PT Sinergi Anugrah Mandiri, Cek Posisi Dan Persyaratannya Di Sini! - Batas Timor",16 Apr 2024
Pelayaran Nasional Ekalya Purnamasari,https://www.cnbcindonesia.com/market/20220713135532-17-355335/ipo-pelayaran-nasional-ekalya-tawarkan-rp-190-240-saham,"IPO, Pelayaran Nasional Ekalya Tawarkan Rp 190-240/Saham",13 Jul 2022
Pelayaran Nasional Ekalya Purnamasari,https://radarsurabaya.jawapos.com/ekonomi/773171461/laba-melonjak-83-persen-elpi-optimis-perkuat-pendapatan-non-offshore,"Laba Melonjak 83 Persen, ELPI Optimis Perkuat Pendapatan Non-Offshore - Radar Surabaya",30 Okt 2023
Pelayaran Nasional Ekalya Purnamasari,https://www.liputan6.com/saham/read/5036575/pelayaran-nasional-ekalya-buka-pusat-pelatihan-pada-2023,Pelayaran Nasional Ekalya Buka Pusat Pelatihan pada 2023,8 Agu 2022
Pelayaran Nasional Ekalya Purnamasari,https://market.bisnis.com/read/20230627/192/1669516/genjot-ekspansi-ekalya-purnamasari-elpi-akusisi-perusahaan-transhipment-slsa,"Genjot Ekspansi, Ekalya Purnamasari (ELPI) Akusisi Perusahaan Transhipment (SLSA)",27 Jun 2023
Pelayaran Nasional Ekalya Purnamasari,https://investasi.kontan.co.id/news/sah-pelayaran-nasional-elpi-mengakuisisi-100-saham-kazo-marine-asal-malaysia,Sah! Pelayaran Nasional (ELPI) Mengakuisisi 100% Saham Kazo Marine Asal Malaysia,8 Jan 2023
Pelayaran Nasional Ekalya Purnamasari,https://market.bisnis.com/read/20230612/192/1664600/ekspansi-bisnis-ke-luar-negeri-ekalya-purnamasari-elpi-suntik-modal-ke-slsa,"Ekspansi Bisnis ke Luar Negeri, Ekalya Purnamasari (ELPI) Suntik Modal ke SLSA",12 Jun 2023
Pelayaran Nasional Ekalya Purnamasari,https://insight.kontan.co.id/news/pelayaran-nasional-ekalya-elpi-tambah-kepemilikan-saham-di-slsa,Pelayaran Nasional Ekalya (ELPI) Tambah Kepemilikan Saham di SLSA,14 Jun 2023
Pelayaran Nasional Ekalya Purnamasari,https://www.cnbcindonesia.com/market/20230106080308-17-403291/gak-jago-kandang-emiten-ri-ini-caplok-perusahaan-malaysia,"Gak Jago Kandang, Emiten RI Ini Caplok Perusahaan Malaysia",6 Jan 2023
Pelayaran Nasional Ekalya Purnamasari,https://insight.kontan.co.id/news/saham-pelayaran-nasional-ekalya-purnamasari-elpi-cuan-usai-ipo,Saham Pelayaran Nasional Ekalya Purnamasari (ELPI) Cuan Usai IPO,9 Agu 2022
Pelayaran Nasional Ekalya Purnamasari,https://surabaya.tribunnews.com/2022/07/15/ipo-pt-pelayaran-nasional-ekalya-purnamasari-lepas-15-persen-saham-ke-masyarakat,"IPO, PT Pelayaran Nasional Ekalya Purnamasari Lepas 15 Persen Saham ke Masyarakat",15 Jul 2022
Pelayaran Nasional Ekalya Purnamasari,https://www.liputan6.com/saham/read/5077679/pelayaran-nasional-ekalya-bentuk-usaha-patungan-untuk-angkutan-batu-bara,Pelayaran Nasional Ekalya Bentuk Usaha Patungan untuk Angkutan Batu Bara,22 Sep 2022
Pelayaran Nasional Ekalya Purnamasari,https://www.tribunnewswiki.com/2022/06/03/lowongan-kerja-pt-pelayaran-nasional-ekalya-purnamasari-untuk-lulusan-d-3-d-4-s-1,"Lowongan Kerja PT Pelayaran Nasional Ekalya Purnamasari untuk Lulusan D-3, D-4, & S-1",3 Jun 2022
Pelayaran Nasional Ekalya Purnamasari,https://investor.id/national/265262/pelayaran-nasional-ekalya-purnamasari-vaksinasi-600-orang-di-gresik,Pelayaran Nasional Ekalya Purnamasari Vaksinasi 600 Orang di Gresik,29 Sep 2021
Pelayaran Nasional Ekalya Purnamasari,https://insight.kontan.co.id/news/tambah-kapal-potensi-cuan-elpi-menebal,"Tambah Kapal, Potensi Cuan ELPI Menebal",4 Agu 2023
Pelayaran Nasional Ekalya Purnamasari,https://emitennews.com/news/topang-kinerja-anak-usaha-elpi-launching-kapal-anyar-maharaja-nusantara-s-01,"Topang Kinerja, Anak Usaha ELPI Launching Kapal Anyar Maharaja Nusantara S-01",3 Agu 2023
Pelayaran Nasional Ekalya Purnamasari,https://market.bisnis.com/read/20220808/192/1564139/debut-di-bursa-saham-pelayaran-ekalya-elpi-melambung-26-persen,"Debut di Bursa, Saham Pelayaran Ekalya ELPI Melambung 26 Persen",8 Agu 2022
Pelayaran Nasional Ekalya Purnamasari,https://katadata.co.id/finansial/korporasi/644b53235d460/ekspansi-ke-kapal-tunda-dan-tongkang-laba-pelayaran-nasional-naik-66,"Ekspansi ke Kapal Tunda dan Tongkang, Laba Pelayaran Nasional Naik 66%",28 Apr 2023
Pelayaran Nasional Ekalya Purnamasari,https://www.idxchannel.com/market-news/raup-dana-ipo-rp2224-m-ini-rencana-pelayaran-nasional-ekalya-purnamasari-elpi,"Raup Dana IPO Rp222,4 M, Ini Rencana Pelayaran Nasional Ekalya Purnamasari (ELPI)",9 Agu 2022
Pelayaran Nasional Ekalya Purnamasari,https://emitennews.com/news/hari-ini-pelayaran-nasional-ekalya-elpi-pasang-harga-perdana-rp200-per-saham,"Hari Ini, Pelayaran Nasional Ekalya (ELPI) Pasang Harga Perdana Rp200 per Saham",2 Agu 2022
Pelayaran Nasional Ekalya Purnamasari,https://emitennews.com/news/pelayaran-nasional-ekalya-elpi-dirikan-usaha-angkutan-kapal-tug-and-barge,Pelayaran Nasional Ekalya (ELPI) Dirikan Usaha Angkutan Kapal Tug and Barge,22 Sep 2022
Pelayaran Nasional Ekalya Purnamasari,https://emitennews.com/news/mantapkan-dominasi-pelayaran-ekalya-elpi-ganti-nama-anak-usaha-jadi-elpi-offshore,"Mantapkan Dominasi, Pelayaran Ekalya (ELPI) Ganti Nama Anak Usaha Jadi ELPI Offshore",23 Sep 2022
Pelayaran Nasional Ekalya Purnamasari,https://surabaya.inews.id/read/137953/siap-melantai-di-bursa-pelayaran-nasional-ekalya-purnamasari-elpi-tetapkan-harga-rp200-per-saham,"Siap Melantai di Bursa, Pelayaran Nasional Ekalya Purnamasari (ELPI) Tetapkan Harga Rp200 per Saham",4 Agu 2022
Pelayaran Nasional Ekalya Purnamasari,https://www.idxchannel.com/market-news/pendapatan-pelayaran-nasional-ekalya-elpi-melesat-68-persen-mayoritas-dari-pertamina,"Pendapatan Pelayaran Nasional Ekalya (ELPI) Melesat 68 Persen , Mayoritas dari Pertamina",28 Apr 2023
Pelayaran Nasional Ekalya Purnamasari,https://www.idxchannel.com/market-news/perkuat-ekspansi-ekalya-purnamasari-elpi-akuisisi-perusahaan-transhipment,"Perkuat Ekspansi, Ekalya Purnamasari (ELPI) Akuisisi Perusahaan Transhipment",27 Jun 2023
Pelayaran Nasional Ekalya Purnamasari,https://emitennews.com/news/kinerja-positif-berlanjut-elpi-kantongi-sejumlah-kontrak-baru-di-awal-tahun-2023,"Kinerja Positif Berlanjut, ELPI Kantongi Sejumlah Kontrak Baru di Awal Tahun 2023",21 Mar 2023
Pelayaran Nasional Ekalya Purnamasari,https://www.surabayainsider.com/hiburan/9048511458/pt-pelayaran-nasional-ekalya-purnamasari-tbk-sedang-membuka-lowongan-kerja-bagi-lulusan-d3-s1-daftar-yuk?page=2,"PT Pelayaran Nasional Ekalya Purnamasari Tbk sedang membuka lowongan kerja bagi lulusan D3 S1, daftar yuk!",18 Apr 2023
Pelayaran Nasional Ekalya Purnamasari,https://emitennews.com/news/pelayaran-nasional-ekalya-elpi-tawarkan-ipo-rp190-240-per-saham-cek-jadwalnya,"Pelayaran Nasional Ekalya (ELPI) Tawarkan IPO Rp190-240 per Saham, Cek Jadwalnya",13 Jul 2022
Pelayaran Nasional Ekalya Purnamasari,https://investor.id/market-and-corporate/299594/ipo-pelayaran-nasional-ekalya-elpi-pasang-harga-rp-190240,"IPO, Pelayaran Nasional Ekalya (ELPI) Pasang Harga Rp 190-240",13 Jul 2022
Pelayaran Nasional Ekalya Purnamasari,https://www.liputan6.com/saham/read/5036270/saham-elpi-naik-rp-70-saat-pembukaan-perdagangan-perdana,Saham ELPI Naik Rp 70 saat Pembukaan Perdagangan Perdana,8 Agu 2022
Pelayaran Nasional Ekalya Purnamasari,https://investor.id/market-and-corporate/318346/pelayaran-nasional-ekalya-elpi-akuisisi-perusahaan-offshore-supply-ship-malaysia,Pelayaran Nasional Ekalya (ELPI) Akuisisi Perusahaan Offshore Supply Ship Malaysia,5 Jan 2023
Pelayaran Nasional Ekalya Purnamasari,https://emitennews.com/news/ekspansi-di-asia-tenggara-elpi-caplok-49-persen-saham-kazo-marine,"Ekspansi di Asia Tenggara, ELPI Caplok 49 Persen Saham Kazo Marine",6 Jan 2023
Pelayaran Nasional Ekalya Purnamasari,https://emitennews.com/news/angkut-batu-bara-entitas-pelayaran-ekalya-elpi-kantongi-fasilitas-rp220-miliar,"Angkut Batu Bara, Entitas Pelayaran Ekalya (ELPI) Kantongi Fasilitas Rp220 Miliar",10 Feb 2023
Pelayaran Nasional Ekalya Purnamasari,https://www.antaranews.com/berita/3557928/elpi-segera-bagikan-dividen-rp3099-miliar-tahun-buku-2022,"ELPI segera bagikan dividen Rp30,99 miliar tahun buku 2022",26 Mei 2023
Pelayaran Nasional Ekalya Purnamasari,https://malukupost.com/2023/02/pt-pelayaran-nasional-elpi-ekspansi-dari-ambon-untuk-indonesia/,PT. Pelayaran Nasional ELPI Ekspansi Dari Ambon Untuk Indonesia,20 Feb 2023
Pelayaran Nasional Ekalya Purnamasari,https://surabaya.inews.id/read/141686/raup-dana-ipo-rp2224-miliar-ini-rencana-pelayaran-nasional-ekalya-purnamasari-elpi,"Raup Dana IPO Rp222,4 Miliar, Ini Rencana Pelayaran Nasional Ekalya Purnamasari (ELPI)",9 Agu 2022
Pelayaran Nasional Ekalya Purnamasari,https://emitennews.com/news/gurih-ekspansi-jalan-terus-elpi-bagi-dividen-30-persen-dari-laba-2022,"Gurih! Ekspansi Jalan Terus, ELPI Bagi Dividen 30 Persen dari Laba 2022",26 Mei 2023
Pelayaran Nasional Ekalya Purnamasari,https://market.bisnis.com/read/20220922/192/1580322/sebulan-melantai-di-bei-ekalya-elpi-ekspansi-bisnis-angkutan-batu-bara,"Sebulan Melantai di BEI, Ekalya (ELPI) Ekspansi Bisnis Angkutan Batu Bara",22 Sep 2022
Pelayaran Nasional Ekalya Purnamasari,https://radarsurabaya.jawapos.com/ekonomi/77987690/siapkan-capex-rp-13-triliun-elpi-perkuat-bisnis-offshore-di-dalam-luar-negeri,"Siapkan Capex Rp 1,3 Triliun, ELPI Perkuat Bisnis Offshore di Dalam & Luar Negeri - Radar Surabaya",26 Mei 2023
Pelayaran Nasional Ekalya Purnamasari,https://www.beritasatu.com/ekonomi/1047026/rupst-elpi-restui-bagikan-dividen-rp-30-miliar/all,RUPST ELPI Restui Bagikan Dividen Rp 30 Miliar,26 Mei 2023
Pelayaran Nasional Ekalya Purnamasari,https://surabaya.bisnis.com/read/20230213/532/1627366/grup-elpi-dapat-kontrak-angkutan-batu-bara-rp400-miliar-per-tahun,Grup ELPI Dapat Kontrak Angkutan Batu Bara Rp400 Miliar per Tahun,13 Feb 2023
Pelayaran Nasional Ekalya Purnamasari,https://www.cnbcindonesia.com/market/20230803102414-17-459756/beli-kapal-raksasa-rp16345-m-elpi-mau-keruk-cuan-rp13-t,"Beli Kapal Raksasa Rp163,45 M, ELPI Mau 'Keruk' Cuan Rp1,3 T",3 Agu 2023
Pelayaran Nasional Ekalya Purnamasari,https://emitennews.com/news/punya-lebih-dari-100-armada-listing-perdana-saham-elpi-langsung-disambut-aksi-beli,"Punya Lebih dari 100 Armada, Listing Perdana Saham ELPI Langsung Disambut Aksi Beli",8 Agu 2022
Pelayaran Nasional Ekalya Purnamasari,https://emitennews.com/news/raih-pendapatan-rp63283-miliar-sepanjang-2022-ini-rencana-bisnis-elpi-kedepan,"Raih Pendapatan Rp632,83 Miliar Sepanjang 2022, Ini Rencana Bisnis ELPI Kedepan",12 Apr 2023
Pelayaran Nasional Ekalya Purnamasari,https://money.kompas.com/read/2022/10/10/161600126/akan-boyong-kapal-indonesia-ke-malaysia-elpi-akuisisi-saham-kazo-marine,"Akan Boyong Kapal Indonesia ke Malaysia, ELPI Akuisisi Saham Kazo Marine",10 Okt 2022
Pelayaran Nasional Ekalya Purnamasari,https://surabaya.tribunnews.com/2023/05/26/kinerja-terus-tumbuh-positif-elpi-fokus-roadmap-bisnis-hingga-5-tahun-ke-depan,"Kinerja Terus Tumbuh Positif, ELPI Fokus Roadmap Bisnis Hingga 5 Tahun ke Depan",26 Mei 2023
Pelayaran Nasional Ekalya Purnamasari,https://www.liputan6.com/surabaya/read/5097826/gandeng-poltekpel-surabaya-elpi-perkuat-sdm-bisnis-pelayaran,"Gandeng Poltekpel Surabaya, ELPI Perkuat SDM Bisnis Pelayaran",15 Okt 2022
Pelayaran Nasional Ekalya Purnamasari,https://www.idxchannel.com/market-news/pelayaran-nasional-ekalya-siap-ipo-tawarkan-saham-rp190-rp240,"Pelayaran Nasional Ekalya Siap IPO, Tawarkan Saham Rp190 - Rp240",14 Jul 2022
Pelayaran Nasional Ekalya Purnamasari,https://www.cnbcindonesia.com/market/20230627100236-17-449575/emiten-pelayaran-ini-minjam-rp-1547-m-ternyata-buat-ini,"Emiten Pelayaran Ini Minjam Rp 154,7 M, Ternyata Buat Ini",27 Jun 2023
Pelayaran Nasional Ekalya Purnamasari,https://www.idxchannel.com/market-news/pelayaran-nasional-elpi-kantongi-kontrak-baru-dari-italia-sebesar-rp84-miliar,Pelayaran Nasional (ELPI) Kantongi Kontrak Baru Dari Italia Sebesar Rp84 Miliar,21 Mar 2023
Pelayaran Nasional Ekalya Purnamasari,https://www.idxchannel.com/market-news/ditopang-bisnis-offshore-pendapatan-pelayaran-nasional-elpi-tumbuh-68-persen,"Ditopang Bisnis Offshore, Pendapatan Pelayaran Nasional (ELPI) Tumbuh 68 Persen",28 Apr 2023
Pelayaran Nasional Ekalya Purnamasari,https://economy.okezone.com/read/2022/09/23/278/2673559/pelayaran-ekalya-elpi-bentuk-usaha-patungan-angkutan-batu-bara,Pelayaran Ekalya (ELPI) Bentuk Usaha Patungan Angkutan Batu Bara,23 Sep 2022
Pelayaran Nasional Ekalya Purnamasari,https://investor.id/market-and-corporate/302329/ipooversubscribed27-kalidebut-perdana-pelayaran-nasional-elpi-sentuh-ara,"IPO Oversubscribed 27 Kali, Debut Perdana Pelayaran Nasional (ELPI) Sentuh ARA",8 Agu 2022
Pelayaran Nasional Ekalya Purnamasari,https://www.liputan6.com/jatim/read/5096336/jurus-perkuat-bisnis-pelayaran-ala-perusahaan-surabaya,Jurus Perkuat Bisnis Pelayaran ala Perusahaan Surabaya,13 Okt 2022
Pelayaran Nasional Ekalya Purnamasari,https://surabaya.bisnis.com/read/20230321/532/1639534/kuartal-i-2023-pelayaran-elpi-kantongi-kontrak-kerja-dengan-pertamina-group,"Kuartal I 2023, Pelayaran ELPI Kantongi Kontrak Kerja dengan Pertamina Group",21 Mar 2023
Pelayaran Nasional Ekalya Purnamasari,https://beritakaltim.co/2021/10/26/jelang-tengah-malam-kapal-pnep-menabrak-perahu-nelayan-di-peciko-alpa-senipah/,Jelang Tengah Malam Kapal PNEP Menabrak Perahu Nelayan di Peciko Alpa Senipah,26 Okt 2021
Pelayaran Nasional Ekalya Purnamasari,https://korankaltim.com/read/kutai-kartanegara/47705/kapal-nelayan-tertabrak-kapal-milik-pt-pnep-di-jetty-senipah-phm-satu-penumpang-hilang,"Kapal Nelayan Tertabrak Kapal Milik PT PNEP di Jetty Senipah PHM, Satu Penumpang Hilang",26 Okt 2021
Pelayaran Nasional Ekalya Purnamasari,https://market.bisnis.com/read/20230628/192/1669867/usai-akuisisi-elpi-incar-tambahan-pendapatan-dari-angkutan-nikel-dan-komoditas-pangan,"Usai Akuisisi, ELPI Incar Tambahan Pendapatan dari Angkutan Nikel dan Komoditas Pangan",28 Jun 2023
Pelayaran Nasional Ekalya Purnamasari,https://www.idxchannel.com/market-news/simak-sejarah-dan-profil-elpi-salah-satu-emiten-prospek-di-bidang-angkutan-laut,"Simak Sejarah dan Profil ELPI, Salah Satu Emiten Prospek di Bidang Angkutan Laut",11 Agu 2022
Pelayaran Nasional Ekalya Purnamasari,https://insight.kontan.co.id/news/dari-yang-cilik-hingga-jumbo-begini-perbandingan-valuasi-klin-elpi-hingga-mora,"Dari yang Cilik Hingga Jumbo, Begini Perbandingan Valuasi KLIN, ELPI, Hingga MORA",2 Agu 2022
Pelayaran Nasional Ekalya Purnamasari,https://surabaya.tribunnews.com/2022/08/04/masa-penawaran-umum-saham-selesai-elpi-siap-dagang-mulai-8-agustus-2022-mendatang,"Masa Penawaran Umum Saham Selesai, ELPI Siap Dagang Mulai 8 Agustus 2022 Mendatang",4 Agu 2022
Pelayaran Nasional Ekalya Purnamasari,https://surabaya.tribunnews.com/2021/09/29/beberapa-pertimbangan-pnep-gelar-vaksinasi-covid-19-gratis-di-unjung-pangkah-gresik,Beberapa Pertimbangan PNEP Gelar Vaksinasi Covid-19 Gratis di Unjung Pangkah Gresik,29 Sep 2021
Pelayaran Nasional Ekalya Purnamasari,https://wartakutim.co.id/2021/10/26/kapal-milik-pnep-di-kabarkan-menabrak-peruhu-nelayan-pencarian-masih-terus-dilakukan/,Kapal Milik PNEP di Kabarkan Menabrak Peruhu Nelayan. Pencarian Masih Terus Dilakukan,26 Okt 2021
Pelayaran Nasional Ekalya Purnamasari,https://ekonomi.bisnis.com/read/20191116/44/1171053/bp-berau-dapatkan-efisiensi-us95-juta-dari-sewa-kapal-penunjang-lepas-pantai,"BP Berau Dapatkan Efisiensi US$9,5 juta Dari Sewa Kapal Penunjang Lepas Pantai",16 Nov 2019
Pelayaran Nasional Ekalya Purnamasari,https://radarsurabaya.jawapos.com/ekonomi/77981583/lakukan-ipo-pnep-optimis-raih-dana-rp-250-miliar-untuk-ekspansi-usaha,"Lakukan IPO, PNEP Optimis Raih Dana Rp 250 Miliar untuk Ekspansi Usaha - Radar Surabaya",14 Jul 2022
Pelayaran Nasional Ekalya Purnamasari,https://palpres.disway.id/read/721197/pt-pelayaran-nasional-ekalya-purnamasari-tbk-buka-lowongan-kerja-terbaru-link-lamaran-cek-di-sini,"PT Pelayaran Nasional Ekalya Purnamasari Tbk Buka Lowongan Kerja Terbaru, Link Lamaran Cek di Sini - palpres.disway.id",2 minggu lalu
Pelayaran Nasional Ekalya Purnamasari,https://www.bantenraya.com/citizen/12712436119/buruan-daftar-info-loker-pt-pelayaran-nasional-ekalya-purnamasari-tersedia-12-posisi,"BURUAN DAFTAR! Info Loker PT Pelayaran Nasional Ekalya Purnamasari, Tersedia 12 Posisi - Banten Raya",16 Apr 2024
Pelayaran Nasional Ekalya Purnamasari,https://homecare24.id/pt-pelayaran-nasional-ekalya-purnamasari/,Pt Pelayaran Nasional Ekalya Purnamasari,29 Okt 2023
Pelayaran Nasional Ekalya Purnamasari,https://magetan.pikiran-rakyat.com/ekonomi/pr-2244325493/pt-pelayaran-nasional-ekalya-purnamasari-buka-lowongan-kerja-untuk-d3-s1-ada-3-formasi-cek-syarat-cara-daftar?page=all,"PT Pelayaran Nasional Ekalya Purnamasari Buka Lowongan Kerja untuk D3-S1, Ada 3 Formasi Cek Syarat-Cara Daftar - Portal Magetan",23 Apr 2022
Pelayaran Nasional Ekalya Purnamasari,https://kabarwonosobo.pikiran-rakyat.com/bisnis/pr-1564790199/info-loker-lowongan-kerja-pelayaran-pt-pelayaran-nasional-ekalya-purnamasari-pnep-juni-2022?page=all,INFO LOKER: Lowongan Kerja Pelayaran PT Pelayaran Nasional Ekalya Purnamasari (PNEP) Juni 2022 - Kabar Wonosobo,20 Jun 2022
Pelayaran Nasional Ekalya Purnamasari,https://www.trenasia.com/ekspansi-angkut-batu-bara-dan-nikel-pelayaran-nasional-ekalya-elpi-beli-kapal-rp-161-52-miliar,"Ekspansi Angkut Batu Bara dan Nikel, Pelayaran Nasional Ekalya (ELPI) Beli Kapal Rp161,52 Miliar",27 Jun 2023
Pelayaran Nasional Ekalya Purnamasari,https://infosemarangraya.pikiran-rakyat.com/ekonomi/pr-1602531272/info-loker-pt-pelayaran-nasional-ekalya-purnamasari-buka-5-lowongan-kerja-lulusan-d3-dan-s1-semua-jurusan?page=all,INFO LOKER! PT Pelayaran Nasional Ekalya Purnamasari Buka 5 Lowongan Kerja Lulusan D3 dan S1 Semua Jurusan - Info Semarang Raya,5 Sep 2021
Pelayaran Nasional Ekalya Purnamasari,https://www.kabarbisnis.com/read/28113077/genap-30-tahun-pnep-komitmen-wujudkan-managing-quality-for-sustainability,"Genap 30 tahun, PNEP komitmen wujudkan Managing Quality for Sustainability",27 Apr 2022
Pelayaran Nasional Ekalya Purnamasari,https://infosemarangraya.pikiran-rakyat.com/ekonomi/pr-1602832676/info-loker-pt-kimia-farma-diagnostika-buka-lowongan-untuk-lulusan-d3-terbaru-oktober-2021?page=all,INFO LOKER! PT Kimia Farma Diagnostika Buka Lowongan Untuk Lulusan D3 Terbaru Oktober 2021 - Info Semarang Raya,19 Okt 2021
